"title","heading","content"
"Iniciativas para Mitigar os Impactos da COVID-19","e","O início de 2020 foi marcado pela pandemia da COVID-19, que afetou todo mundo e também a Taesa. Desde então, a Companhia vem adotando medidas para a proteção, segurança e saúde de seus colaboradores, suas famílias e as comunidades locais, a fim de proteger seu maior ativo – as pessoas – e reduzir a velocidade de disseminação do novo coronavírus no país. Assim, destacamos as principais medidas implementadas até o momento: Proteção da saúde dos colaboradores Adoção de medidas para resguardar nosso maior ativo, as pessoas, e garantir a continuidade das nossas operações; Comunicação frequente e atualizada para todos os colaboradores sobre orientações de saúde e higiene; Retorno às atividades em modelo híbrido, intercalando presencial com home office e mantendo todos os protocolos de segurança e saúde necessários; Monitoramento dos empregados com apoio no tratamento de casos suspeitos ou positivos identificados da COVID-19; Disponibilização de diversos canais de atendimento para cuidar da saúde física e mental dos colaboradores e de seus familiares; Vacinação anual contra a gripe influenza para todos; Reforço na comunicação sobre a importância do atendimento às medidas de proteção e cuidado (Campanha “Eu cuido de você e você cuida de mim”); Incentivo à imunização completa: 99,6% dos colaboradores com o esquema primário completo, 97,6% com primeira dose de reforço e 49,9% com a segunda dose de reforço entre os colaboradores a partir de 40 anos. Reforço de informações sobre os cuidados preventivos que devem continuar no pós vacina. Continuidade das operações e dos empreendimentos em construção Criação do Comitê de Superação e do Comitê de Gestão de Fornecedores; Manutenção das atividades de operação e manutenção de forma a garantir a segurança das pessoas e do sistema elétrico; Manutenção dos altos índices de disponibilidade (99,95% no 9M22); Todas as obras dos empreendimentos em construção estão em andamento; algumas já concluídas; Manutenção dos investimentos nos empreendimentos em construção – R$ 2,9 bilhões investidos entre 2020 e 3T22. Preservação da saúde financeira da Companhia Manutenção de posição de liquidez confortável; Adequado perfil de dívida com custos baixos e prazos alongados; A mais alta nota de risco de crédito junto às agências Moody’s e Fitch (AAA na Escala Nacional); Consistente geração operacional de caixa, com manutenção dos baixos níveis de inadimplência históricos da Companhia; Disciplina financeira associada a remuneração adequada aos acionistas; Monitoramento contínuo da inadimplência e dos efeitos da pandemia no setor elétrico."
"Taesa","e","A Transmissora Aliança de Energia Elétrica S.A. (“Taesa” ou “Companhia”; B3: TAEE3, TAEE4, TAEE11), um dos maiores grupos concessionários de transmissão de energia elétrica do país, anuncia hoje seus resultados do terceiro trimestre de 2022. As demonstrações financeiras consolidadas da Companhia são elaboradas e preparadas de acordo com as práticas contábeis do Manual de Contabilidade do Setor Elétrico da Agência Nacional de Energia Elétrica (ANEEL) e com as Normas Internacionais de Relatório Financeiro (IFRS) emitidas pelo International Accounting Standards Board (IASB), definidas neste documento como Resultado Regulatório e Resultado IFRS, respectivamente. A apresentação dessas informações está condizente com as normas expedidas pela Comissão de Valores Mobiliários, aplicáveis à elaboração das Demonstrações Financeiras. No Resultado Regulatório a seguir apresentado, preparado com base na estrutura vigente no Manual de Contabilidade do Setor Elétrico, emitido pela ANEEL, todos os investimentos realizados nas construções das linhas de transmissão e subestações são registrados como ativo imobilizado e os efeitos decorrentes da aplicação do CPC 47 (IFRS 15) são eliminados, incluindo os impactos fiscais (IR e CSLL diferidos e PIS e COFINS diferidos) reconhecidos sobre as diferenças temporárias oriundas da aplicação dessa interpretação. É importante mencionar que o Resultado Regulatório é auditado anualmente na entrega das demonstrações contábeis regulatórias à ANEEL. Portanto, o prazo para conclusão da auditoria das Demonstrações Contábeis Regulatórias (DCRs) se encerram em 30 de abril de cada exercício, ou seja, assuntos relacionados especificamente à contabilidade regulatória divulgados anteriormente a conclusão das DCRs são passíveis de alterações. Para facilitar o entendimento das informações apresentadas neste documento, os termos associados às palavras Regulatório(a) e IFRS seguem os mesmos princípios e estrutura definidos acima para o Resultado Regulatório e Resultado IFRS, respectivamente. Em linha com as normas contábeis, a Taesa não consolida proporcionalmente as empresas controladas em conjunto e coligadas. Dessa forma, os resultados da ETAU, Aimorés, Paraguaçu, Ivaí e do grupo TBE são contabilizados na linha de equivalência patrimonial tanto no Resultado IFRS quanto no Regulatório. A gestão operacional das concessões Transirapé, Transudeste e Transleste (em conjunto, “Transmineiras”) passou a ser realizada pelo grupo TBE. A partir do segundo trimestre de 2022 os resultados das Transmineiras foram incorporados ao resultado da TBE. Para fins de comparação, os respectivos trimestres do ano anterior também sofrerão este ajuste proforma. A declaração de dividendos da Taesa é feita com base no Resultado IFRS revisado pelo auditor."
"O terceiro trimestre de 2022","e","foi marcado pela entrada no novo ciclo da Receita Anual Permitida (RAP) 2022-2023 que se iniciou em 1º de julho. As concessões ajustadas pelo IGP-M (Categoria II) sofreram um reajuste inflacionário de 10,72% e as concessões ajustadas pelo IPCA (Categoria III) sofreram um reajuste inflacionário de 11,73%. Assim, a RAP das 41 concessionárias do grupo Taesa no novo ciclo 2022-2023 totalizou R$ 3,8 bilhões, 7,7% maior que a RAP total do ciclo anterior, já contemplando a redução de 50% da RAP das concessões de categoria II que sofrem esse efeito no novo ciclo."
"A Companhia registrou","e","portanto, uma receita operacional líquida regulatória de R$ 583,9 MM no 3T22 e de R$ 1.670,1 MM no 9M22, apresentando um crescimento de 17,4% e 29,8% na comparação com os respectivos períodos de 2021. Já o EBITDA regulatório da Companhia totalizou R$ 498,1 MM no 3T22 e R$ 1.417,4 MM no 9M22, apresentando um crescimento de 18,3% e de 32,6% contra o 3T21 e 9M21, respectivamente. Assim, a margem EBITDA ficou em 85,3% no trimestre e 84,9% no acumulado. O lucro líquido regulatório também apresentou um crescimento anual de 94,6% no 3T22 e de 60,7% no 9M22, totalizando R$ 373,7 MM e R$ 661,6 MM, respectivamente, resultado da entrada em operação dos projetos de Janaúba, Sant’Ana (parcial), ESTE, Aimorés e Paraguaçu, do reajuste inflacionário do novo ciclo da RAP e da melhora do resultado financeiro. "
"IFRS","e","No resultado em IFRS, a Companhia registrou um lucro líquido de R$ 302,5 MM no trimestre e de R$ 1.426,4 MM no acumulado do ano, uma redução de 43,7% e 20,3% na comparação com os respectivos períodos de 2021, explicada principalmente pelo menor IGP-M e IPCA registrado entre os períodos comparados, que afetaram negativamente a receita de correção monetária, e a redução da margem de implementação de infraestrutura, principalmente em função da entrada em operação de Janaúba, ESTE e Aimorés e dos menores investimentos nos empreendimentos em construção Ivaí e Sant’Ana."
"Primeiros nove meses","e","A Taesa encerrou os primeiros nove meses do ano com um caixa robusto de R$ 1,8 bilhão e uma dívida líquida de R$ 8,9 bilhões – considerando a participação da Companhia nas empresas controladas em conjunto e coligadas –, com um índice de 3,7x na relação dívida líquida sobre EBITDA, uma importante melhora quando comparado ao nível de 4,3x reportado doze meses antes. Do ponto de vista operacional, a Companhia manteve um alto índice de disponibilidade das linhas, em 99,95%, e uma parcela variável contábil de R$ 30,3 MM no acumulado do ano, destacando sua consistência na excelência operacional e gestão de suas linhas de transmissão. Seguimos dedicados e priorizando os nossos empreendimentos em construção. Concluímos os empreendimentos de ESTE em fevereiro, Aimorés em maio e Paraguaçu em julho e adiantamos uma parte de Sant’Ana em abril, que juntos adicionam uma RAP de cerca de R$ 224,5 MM para a Companhia (ciclo 2022-2023). Os projetos de Ivaí e Sant’Ana se encontram em estágio avançado de execução, Ananaí teve seus investimentos iniciais e o contrato de concessão de Pitiguari, referente ao lote 2 arrematado no leilão de junho deste ano, foi assinado em 30 de setembro de 2022. Por fim, com base nas demonstrações financeiras intermediarias de 30 de setembro de 2022, o Conselho de Administração aprovou hoje a distribuição de (i) R$ 45,2 MM (R$ 0,13 / Unit) a título de dividendos intercalares, (ii) R$ 113,4 MM (R$ 0,33 / Unit) a título de dividendos intermediários referente a Reserva Especial de dividendos não distribuídos, e (ii) R$ 206,8 MM (R$ 0,60 / Unit) a título de juros sobre capital. próprio (JCP), totalizando R$ 365,4 MM (R$ 1,06 / Unit). O pagamento ocorrerá no dia 5 de dezembro de 2022, a partir da data base de 14 de novembro de 2022. "
"missão","e","Conectamos o Brasil com energia segura e confiável."
"visão","e","Ser a transmissora de energia elétrica de maior Valor para a sociedade."
"valores","e","Cuidamos genuinamente das pessoas. Agimos com integridade construindo relações de confiança. Buscamos a excelência em tudo o que fazemos. A TAESA somos nós!"
"resultado regulatório","e","A receita líquida totalizou R$ 583,9 MM no 3T22, registrando um crescimento de 17,4% em relação ao mesmo período de 2021, explicado pelo reajuste inflacionário do ciclo da RAP 2022-2023 e entrada em operação de Janaúba e parcial de Sant’Ana. O EBITDA totalizou R$ 498,1 MM, apresentando um aumento anual de 18,3%. A margem EBITDA ficou em 85,3% no trimestre (+0,7pp contra 3T21). Crescimento de 147,5% na equivalência patrimonial, explicado pelas menores despesas financeiras em Ivaí, em função da deflação do IPCA, pelo reajuste inflacionário do ciclo da RAP 2022-2023 e pela entrada em operação de ESTE, Aimorés e Paraguaçu. Redução de 62,7% nas despesas financeiras líquidas, resultado basicamente da contração do índice IPCA, que registrou deflação no 3T22. Lucro líquido ficou em R$ 373,7 MM no 3T22, 94,6% maior que o mesmo período do ano anterior. Em 30 de setembro de 2022, a dívida bruta da Companhia encerrou em R$ 8.499,8 MM, uma redução de 0,2% contra o 2T22. O caixa da Companhia ficou em R$ 1.574,5 MM (redução de 15,1% versus 2T22), resultando em uma dívida líquida de R$ 6.925,3 MM (aumento de 4,0% no trimestre). A relação da dívida líquida / EBITDA da Taesa, consolidando proporcionalmente as empresas controladas em conjunto e coligadas, ficou em 3,7x (em linha com 3,8x no 2T22). Índice de disponibilidade foi de 99,95% e uma Parcela Variável (PV) contábil de R$ 30,3 MM, equivalente a 1,62% da RAP, no 9M22."
"estrutura societária","e","As 41 concessões/participações de transmissão detidas pela Taesa estão segregadas em: (i) 10 concessões que compõem a empresa holding (TSN, Novatrans, ETEO, GTESA, PATESA, Munirah, NTE, STE, ATE e ATE II); (ii) 12 investidas integrais (ATE III, Brasnorte, São Gotardo, Mariana, Miracema, Janaúba, Sant’Ana, São João, São Pedro, Lagoa Nova, Ananaí e Pitiguari); e (iii) 19 participações (ETAU, AIE e TBE). A gestão operacional das concessões Transirapé, Transudeste e Transleste (em conjunto, “Transmineiras”) passou a ser realizada pelo grupo TBE. A partir do segundo trimestre de 2022, os resultados das Transmineiras serão incorporados ao resultado da TBE. Para fins de comparação, os respectivos trimestres do ano anterior também sofrerão este ajuste proforma. Há 4 empreendimentos (Sant’Ana, Ivaí, Ananaí e Pitiguari) que estão em fase não operacional. Em 27 de julho de 2022, o empreendimento de Paraguaçu obteve o termo de liberação pela ONS, o qual autoriza o recebimento de R$ 78,6 milhões de RAP para a Companhia de acordo com o ciclo RAP 2022-2023. Paraguaçu é um empreendimento referente ao lote 3, do leilão de transmissão nº 013/2015 (parte 2), realizado em outubro de 2016, em que a Taesa participa em sociedade, na proporção igualitária de 50%. A concessão possui uma RAP total de R$ 157,3 milhões para o ciclo 2022-2023 e está localizada nos estados de Minas Gerais e Bahia, com extensão de 338 km de linha com tensão de 500 kV, interligando a subestação Poções III à subestação Padre Paraíso 2. Em 30 de junho de 2022, a Taesa sagrou-se vencedora na disputa pelo lote 10 do Leilão de Transmissão ANEEL 01/2022, situado em Santa Catarina, com extensão de 92,7 km, sendo 66,7 km de circuito duplo e um investimento previsto de R$ 243,2 MM (Capex ANEEL). O novo empreendimento, chamado de Pitiguari Transmissora de Energia Elétrica S.A. (“Pitiguari”), terá um prazo regulatório de 54 meses para conclusão e acrescentará para a Companhia uma RAP de R$ 19,5 milhões a partir da sua entrada em operação. O empreendimento foi assumido formalmente pela Companhia em 30 de setembro de 2022, quando o contrato de concessão foi assinado. Em 6 de maio de 2022, o empreendimento de Aimorés entrou em operação comercial, passando a adicionar o valor de R$ 52,7 milhões de RAP para a Companhia de acordo com o ciclo RAP 2022-2023. Aimorés é um empreendimento referente ao lote 4, do leilão de transmissão nº 013/2015 (parte 2), realizado em outubro de 2016, em que a Taesa participa em sociedade, na proporção igualitária de 50%. A concessão possui uma RAP total de R$ 105,4 milhões para o ciclo 2022-2023 e está localizada no estado de Minas Gerais, com extensão de 208 km de linha com tensão de 500 kV, interligando a subestação Padre Paraíso 2 à subestação Governador Valadares 6. Em 1º de abril de 2022, o empreendimento de Sant’Ana obteve os termos de liberação para as linhas de transmissão LT Livramento 3 – Alegrete 2 (C1) e LT Livramento 3 – Cerro Chato (C1), ambas com tensão de 230 kV, e para parte da subestação SE 230 kV Livramento 3. Com isso, as instalações entraram em operação comercial com uma antecipação de quase 12 meses em relação ao prazo ANEEL, passando a adicionar para a Companhia uma RAP de mais de 23% da RAP total do empreendimento, retroativa a 28 de março de 2022. Sant’Ana é um empreendimento do lote 12, do leilão de transmissão nº 004/2018, realizado em dezembro de 2018, 100% controlada pela Taesa, e apresenta uma RAP total de R$ 77,8 milhões para o ciclo 2022-2023 e um Capex ANEEL de R$ 610 milhões. O empreendimento está localizado no Estado do Rio Grande do Sul, com extensão aproximadamente de 591 km de linhas de transmissão. Em 18 de fevereiro de 2022, o empreendimento de ESTE obteve o termo de liberação pela ONS, o qual autoriza o recebimento de receita a partir de 9 de fevereiro de 2022, passando a adicionar para a Taesa uma RAP de R$ 74,5 milhões (ciclo 2022-2023). ESTE é um empreendimento do lote 22, do leilão de transmissão nº 013/2015 (parte 2), realizado em outubro de 2016, 100% controlada pela subsidiária EATE, na qual a Taesa possui de 49,98% do capital social total. A ESTE possui uma RAP total de R$ 149,0 milhões para o ciclo 2022-2023 e está localizada entre os"
"queda de 50% da RAP","e","Os contratos de concessão de transmissão licitados entre 1999 e 2006 (Categoria II) preveem a redução de 50% da RAP (Rede Básica) a partir do 16º ano de operação comercial das instalações. Dado que os contratos de concessão possuem instalações cuja parcela de RAP associada será reduzida em 50% em datas distintas ao longo do seu ciclo, foi calculada uma RAP equivalente a ser recebida pelas concessionárias ao longo do referido ciclo, e nos ciclos futuros, considerando os valores pro-rata das parcelas de RAP sem redução, desde o início do ciclo (1º de julho) até a data de fim do 15º ano de operação comercial das instalações, e os valores pro-rata das parcelas de RAP com redução de 50%, a partir da data de início do 16º ano de operação comercial das instalações até o final do mesmo ciclo (30 de junho). Para os ciclos 2016-2017, 2017-2018, 2018-2019, 2019-2020, 2020-2021, 2021-2022 e 2022-2023, as seguintes concessões atingiram o 16º ano de operação¹: ETEO: 100% da RAP da ETEO entrou no 16º ano de operação em 19/10/2016. ECTE3 : 67,6% da RAP da ECTE entrou no 16º ano de operação em 9/3/2017 e 28,4% da RAP entrou em 26/3/2017. ETEP3 : 99,7% da RAP da ETEP entrou no 16º ano de operação em 25/8/2017. EATE3 : 19,0% da RAP da EATE entrou no 16º ano de operação em 1/2/2018, 45,6% da RAP em 20/2/2018, e 33,5% da RAP em 10/3/2018. TSN3 : 89,9% da RAP da TSN entrou no 16º ano de operação em 4/3/2018, 4,0% da RAP em 5/4/2018, 0,7% da RAP em 22/5/2018, e 1,3% da RAP em 3/6/2018. Novatrans: 16,3% da RAP da Novatrans entrou no 16º ano de operação em 3/6/2018, 19,4% da RAP em 8/12/2018, 19,1% da RAP em 23/12/2018, e 45,2% da RAP em 8/4/2019. GTESA: 100% da RAP da GTESA entrou no 16º ano de operação em 26/8/2018. NTE: 100% da RAP da NTE entrou no 16º ano de operação em 25/1/2019. STE3 : 19,0% da RAP da STE entrou no 16º ano de operação em 27/6/2019, 36,6% da RAP em 13/7/2019, e 42,1% da RAP em 18/7/2019. PATESA3 : 98,2% da RAP da PATESA entrou no 16º ano de operação em 1/9/2019. ERTE3 : 71,5% da RAP da ERTE entrou no 16º ano de operação em 15/9/2019. ENTE: 100% da RAP da ENTE entrou no 16º ano de operação em 12/2/2020. ETAU3 : 34,2% da RAP da ETAU entrou no 16º ano de operação em 17/4/2020 e 36,0% da RAP em 29/9/2020. Munirah: 100% da RAP da Munirah entrou no 16º ano de operação em 30/10/2020. ATE I: 54,0% da RAP da ATE I entrou no 16º ano de operação em 8/10/2020 e 46,0% da RAP em 27/10/2020. Transleste: 100% da RAP da Transleste entrou no 16º ano de operação em 18/12/2020. ATE II: 100% da RAP da ATE II entrou no 16º ano de operação em 11/12/2021. Transudeste: 100% da RAP da Transudeste entrou no 16º ano de operação em 23/2/2022. Transirapé3 : 45,1% da RAP da Transirapé entrou no 16º ano de operação em 23/5/2022 e 15,9% da RAP em 30/5/2022. Lumitrans3 : 99,9% da RAP da Lumitrans entrou no 16º ano de operação em 3/10/2022. STC3 : 71,9% da RAP da STC entrou no 16º ano de operação em 8/11/2022."
"Dividendos e Juros sobre Capital Próprio","e","No dia 31 de maio de 2022, a Taesa pagou o total de R$ 800,3 MM (R$ 2,32 / Unit) segregados da seguinte forma: (i) R$ 147,0 MM a título de dividendos mínimos obrigatórios remanescentes de 2021 e R$ 653,3 MM a título de dividendos adicionais referente à destinação do lucro líquido de 2021. Com isso, o montante total de proventos distribuídos sobre o resultado de 2021 foi de R$ 1.789,9 MM, registrando um payout de 80,9%. No dia 26 de agosto de 2022, a Taesa pagou o total de (i) R$ 308,8 MM (R$ 0,90 / Unit) a título de dividendos intercalares, e (ii) R$ 197,9 MM (R$ 0,57 / Unit) a título de juros sobre capital próprio (JCP), totalizando R$ 506,7 MM (R$ 1,47 / Unit), com base nas demonstrações financeiras intermediárias de 31 de março de 2022. Adicionalmente, com base nas demonstrações financeiras intermediárias de 30 de setembro de 2022, o Conselho de Administração da Companhia aprovou hoje a distribuição de (i) R$ 45,2 MM (R$ 0,13 / Unit) a título de dividendos intercalares, (ii) R$ 113,4 MM (R$ 0,33 / Unit) a título de dividendos intermediários referente a Reserva Especial de dividendos não distribuídos, e (iii) R$ 206,8 MM (R$ 0,60 / Unit) a título de juros sobre capital próprio (JCP), totalizando R$ 365,4 MM (R$ 1,06 / Unit). O pagamento ocorrerá no dia 5 de dezembro de 2022, a partir da data base de 14 de novembro de 2022."
"Impostos","e", "A redução de 90,3% do Imposto de Renda e Contribuição Social em IFRS reconhecido no resultado entre o 3T22 e 3T21 é explicada basicamente pela queda no lucro antes dos impostos e pelo pagamento de JCP neste trimestre. Estes efeitos foram compensados em parte pelo menor aproveitamento do benefício fiscal SUDAM/SUDENE e pela queda no lucro das empresas que possuem tributação em regime de lucro presumido, principalmente em Sant’Ana."
"Resultado Financeiro Líquido","e", "A despesa financeira líquida IFRS totalizou R$ 85,8 MM no 3T22, 62,8% menor que o registrado no 3T21. Já a despesa financeira líquida regulatória totalizou R$ 85,6 MM, 62,7% menor na comparação anual. Nos primeiros nove meses de 2022 a despesa financeira líquida IFRS fechou em R$ 574,5 MM, apresentando uma redução de 2,1% contra 9M21. A despesa financeira líquida regulatória alcançou R$ 576,0 MM, 1,4% menor que o mesmo período de 2021. O aumento anual de R$ 45,9 MM nas Receitas Financeiras ocorreu em função de aumento no volume de caixa aplicado, decorrente da 12ª emissão de debêntures no valor de R$ 1.250 MM e o aumento do CDI entre os períodos comparados (3,26% no 3T22 x 1,21% no 3T21). O crescimento de 50,0% na linha de juros incorridos se deve, basicamente, ao aumento do volume médio da dívida causado pelas 11ª e 12ª emissões de debêntures e pelo aumento do CDI entre os períodos, compensado em parte, pela deflação registrada entre os períodos comparados (IPCA de -1,32% no 3T22 x 3,02% no 3T21). A redução anual de R$ 172,0 MM na linha de variações monetárias e cambiais é explicada pela deflação registrada entre os períodos comparados associado ao aumento da dívida bruta indexada ao IPCA. A redução anual de R$ 11,2 MM na linha de ajuste ao valor justo é decorrente da liquidação antecipada da dívida 4.131, marcada a mercado. A linha de outras despesas financeiras apresentou um crescimento de R$ 7,6 MM na comparação anual explicado, basicamente, pelo PIS/COFINS sobre uma maior receita financeira entre os períodos comparados e o pagamento de multas. "
"Resultado de Equivalência Patrimonial IFRS","e","O Resultado de Equivalência Patrimonial IFRS no 3T22 totalizou R$ 118,2 MM, 20,4% menor que o 3T21. Já nos primeiros nove meses de 2022, a Equivalência Patrimonial IFRS fechou em R$ 554,9 MM, 12,4% menor que o mesmo período de 2021. A redução de 20,4% no resultado IFRS das investidas em conjunto e coligadas, na comparação entre o 3T22 e o 3T21, se deve principalmente a: (i) redução da receita de correção monetária em função de um menor IGP-M e IPCA, com maior impacto na TBE e em Aimorés; e (ii) menores investimentos em Ivaí, Aimorés e TBE (ESTE). Estes efeitos foram compensados em parte por (i) menores despesas financeiras em Ivaí, impactada pela deflação do IPCA acumulada no período, (ii) maiores investimentos no projeto de Paraguaçu entre os períodos comparados, e (iii) contabilização da correção monetária acumulada durante o período da construção de Paraguaçu, alocada na receita de implantação de infraestrutura do projeto assim que ele entra em operação."
"Resultado de Equivalência Patrimonial Regulatória","e", "O Resultado de Equivalência Patrimonial Regulatória no 3T22 totalizou R$ 81,2 MM, 147,5% maior que o registrado no 3T21. Nos primeiros nove meses de 2022, a Equivalência Patrimonial Regulatória fechou em R$ 144,9 MM, 38,9% maior que o registrado no 9M21. O Resultado de Equivalência Patrimonial Regulatória no 3T22 apresentou um aumento de R$ 48,4 MM na comparação anual. Este desempenho é explicado pelas (i) menores despesas financeiras na concessão de Ivaí em função da deflação do IPCA, (ii) reajuste inflacionário do ciclo da RAP 2022-2023 (10,72% em IGP-M e 11,73% em IPCA), e (iii) entrada em operação de ESTE (TBE), Aimorés e Paraguaçu. Estes efeitos foram compensados em parte pelas maiores despesas financeiras da TBE, motivado pelas novas captações no Grupo e pelas provisões de PVA devido ao atraso na entrega dos projetos de Aimorés e Paraguaçu. A diferença entre o Resultado de Equivalência Patrimonial na Taesa e a soma do resultado da ETAU, Aimorés, Paraguaçu, Ivaí, Transmineiras e TBE é devido à amortização do ágio oriundo da alocação do preço pago pela aquisição da TBE."
"Resultado Financeiro Líquido","e","A despesa financeira líquida IFRS totalizou R$ 85,8 MM no 3T22, 62,8% menor que o registrado no 3T21. Já a despesa financeira líquida regulatória totalizou R$ 85,6 MM, 62,7% menor na comparação anual. Nos primeiros nove meses de 2022 a despesa financeira líquida IFRS fechou em R$ 574,5 MM, apresentando uma redução de 2,1% contra 9M21. A despesa financeira líquida regulatória alcançou R$ 576,0 MM, 1,4% menor que o mesmo período de 2021. O aumento anual de R$ 45,9 MM nas Receitas Financeiras ocorreu em função de aumento no volume de caixa aplicado, decorrente da 12ª emissão de debêntures no valor de R$ 1.250 MM e o aumento do CDI entre os períodos comparados (3,26% no 3T22 x 1,21% no 3T21). O crescimento de 50,0% na linha de juros incorridos se deve, basicamente, ao aumento do volume médio da dívida causado pelas 11ª e 12ª emissões de debêntures e pelo aumento do CDI entre os períodos, compensado em parte, pela deflação registrada entre os períodos comparados (IPCA de -1,32% no 3T22 x 3,02% no 3T21). A redução anual de R$ 172,0 MM na linha de variações monetárias e cambiais é explicada pela deflação registrada entre os períodos comparados associado ao aumento da dívida bruta indexada ao IPCA. A redução anual de R$ 11,2 MM na linha de ajuste ao valor justo é decorrente da liquidação antecipada da dívida 4.131, marcada a mercado. A linha de outras despesas financeiras apresentou um crescimento de R$ 7,6 MM na comparação anual explicado, basicamente, pelo PIS/COFINS sobre uma maior receita financeira entre os períodos comparados e o pagamento de multas. "
"Receita Líquida Regulatória","e","Receita Líquida Regulatória no 3T22 alcançou R$ 583,9 MM, 17,4% maior que o registrado no 3T21, explicadopelo reajuste inflacionário do ciclo 2022-2023 da RAP e entrada em operação de Janaúba e parcial deSant’Ana, efeitos compensados em parte pela queda da RAP de algumas concessões.Receita Líquida Regulatória no 9M22 somou R$ 1.670,1 MM, apresentando um aumento anual de 29,8%.A Receita Líquida Regulatória não é impactada pelo reconhecimento dos efeitos inflacionários descrito na seção 4.5da Receita Líquida IFRS, visto que esse reconhecimento é uma definição contábil do IFRS sobre a correçãomonetária do ativo contratual que influencia, portanto, apenas a Receita Líquida IFRS. Por outro lado, a RAP éanualmente reajustada pela inflação a cada novo ciclo que se inicia em 1º dia de julho de cada ano e termina no 30ºdia de junho do ano subsequente (vide seção 4.2).O crescimento na linha da RAP de 15,2% entre o 3T22 e o 3T21 é explicado pelo reajuste inflacionário do ciclo daRAP 2022-2023 (10,72% em IGP-M e 11,73% em IPCA) e pela entrada em operação da concessão de Janaúba noinício de setembro de 2021 e entrada parcial de Sant’Ana em abril de 2022. O aumento foi compensado em partepela redução da RAP das concessões ATE II e ATE III (maiores detalhes sobre os efeitos e as datas de queda nasseções 4.2 e 4.3).A Parcela Variável (PV) registrou R$ 2,6 MM, apresentando, portanto, uma redução de 82,1% na comparação entreo 3T22 e o 3T21 em função basicamente das maiores provisões de eventos com parcela variável registradas no3T21 nas concessões Novatrans e ETEO.Outras receitas operacionais ficaram praticamente em linha na comparação anual."
"EBITDA e Margem EBITDA IFRS","e", "No 3T22, o EBITDA IFRS totalizou R$ 284,4 MM com margem EBITDA de 61,3%. A queda de 60,2% do EBITDA IFRS na comparação anual é explicada pela menor receita de correção monetária do ativo contratual, em função da contração do IGP-M e principalmente da deflação registrada no IPCA, e pela redução da margem de implementação de infraestrutura, seguindo os menores investimentos nos empreendimentos de Janaúba e Sant’Ana, que entraram em operação comercial. Estes efeitos foram compensados em parte pelo aumento das receitas de Operação e Manutenção e de Remuneração do Ativo Contratual, impactados positivamente pela entrada em operação de Janaúba e parcial de Sant’Ana."
"Custos, Despesas, Depreciação e Amortização IFRS","e", "Custos, Despesas e Depreciação e Amortização totalizaram R$ 185,2 MM no 3T22, 21,0% menor quando comparado ao 3T21. Custos, Despesas e Depreciação e Amortização totalizaram nos primeiros nove meses R$ 449,9 MM, 30,9% menor quando comparado ao 9M21."
"Pessoal","e", "O aumento de 19,0% na comparação entre o 3T22 e o 3T21 é explicado principalmente pelo reajuste salarial dos empregados pelo acordo coletivo de 11,73%, refletindo o reajuste da RAP do ciclo 2022-2023 dos contratos de concessão de categoria 3, baseados exclusivamente no índice de inflação IPCA, além do aumento de quadro, programa de meritocracia e a entrada em operação de Janaúba."
"Material",e, "A redução anual de 37,7% se deve, principalmente, aos menores investimentos nos empreendimentos de Janaúba (-R$ 97,9 MM) e Sant’Ana (-R$ 15,5 MM), em função da entrada em operação em setembro de 2021 e abril de 2022 (parcial), respectivamente. Estes efeitos foram compensados em parte pelos investimentos iniciais em Ananaí (+R$ 49,6 MM)."
"Serviços de terceiros","e","A redução de 1,8% na comparação anual foi influenciada basicamente por (i) alterações nos cronogramas de execução dos serviços de limpeza de faixa de servidão, que ficou concentrada no 2T22 e 3T21, (ii) redução nos gastos com serviços jurídicos, e (iii) menores despesas com limpeza e conservação predial. Esses efeitos foram compensados por maiores despesas com estudos e assessoria para participação nos leilões de transmissão e com viagens. "
"Outros","e","O aumento de R$ 1,1 MM no 3T22, se deve, principalmente, ao recebimento de indenizações referentes as aquisições de São Pedro e São João ocorrido no 3T21 e maiores despesas com seguros neste trimestre. Estes efeitos foram compensados em parte por menores indenizações cíveis, fiscais e trabalhistas"
"Depreciação e amortização","e","A redução anual de 3,9% é explicada pela depreciação do contrato de aluguel de escritório administrativo no 3T21, que foi antecipada no trimestre passado e, portanto, não gerando impacto neste trimestre."
"Receita Líquida IFRS","e", "A Receita Líquida IFRS do 3T22 foi de R$ 463,8 MM, 50,8% menor que o 3T21, em função principalmente da redução da receita de implementação de infraestrutura, dado os menores investimentos nas concessões de Janaúba e Sant’Ana, e da queda na receita de correção monetária motivada pela contração dos índices inflacionários entre os períodos comparados. A Receita Líquida IFRS do 9M22 foi de R$ 2.107,2 MM, 23,5% menor que o registrado no 9M21. A partir da adoção do CPC 47 (IFRS 15), conforme explicado na seção 4.4, a mudança no reconhecimento do ativo de transmissão produz efeito na receita de implementação de infraestrutura que passa a contabilizar uma margem de implementação de infraestrutura, passando a gerar, portanto, impacto no lucro líquido da Companhia. Considerando o reajuste inflacionário da receita assegurado no contrato de concessão, a Taesa contabiliza mensalmente a correção monetária do ativo contratual da concessão no resultado. Dessa forma, o efeito inflacionário é diluído mês a mês considerando-se a inflação em IGP-M ou IPCA verificada no mês anterior. Os índices utilizados para a correção monetária do terceiro trimestre de 2022 foram: IGP-M de 0,59%, 0,21% e -0,70% (acumulado +0,10%), e IPCA de 0,67%, -0,68% e -0,36% (acumulado -0,37%), referente aos meses de junho, julho e agosto de 2022, respectivamente. No terceiro trimestre de 2021, o IGP-M foi de 0,60%, 0,78% e 0,66% (acumulado +2,05%), e IPCA de 0,53%, 0,96% e 0,87% (acumulado +2,38%), referente aos meses de junho, julho e agosto de 2021, respectivamente."
"Operação e manutenção","e", "O aumento anual de 13,0% da receita de O&M se deve ao reajuste inflacionário do ciclo 2022-2023, de 10,72% no IGP-M e 11,73% no IPCA, considerando a variação entre os períodos de junho de 2021 a maio de 2022, conforme Resolução Homologatória nº 3.067/2022, além do impacto positivo com a entrada em operação de Janaúba em 1º de setembro de 2021."
"Remuneração do ativo contratual de concessão","e", "Calculada pela multiplicação da taxa do projeto sobre o saldo do ativo contratual (contabilizada somente no período operacional da concessão). O crescimento de 35,4% na comparação anual se deve principalmente à entrada em operação de Janaúba e parcial de Sant’Ana, além do impacto material da correção monetária no saldo do ativo contratual nos últimos doze meses que mais que compensou a queda natural desta receita em função da amortização do ativo pelos recebimentos."
"Correção monetária do ativo contratual de concessão","e","Baseada no reajuste mensal pela inflação. A receita de correção monetária apresentou uma queda anual de R$ 258 MM em razão da contração dos índices de inflação IGP-M e IPCA registrados nos períodos comparados (+0,10% no acumulado do 3T22 versus +2,05% no 3T21 no IGP-M e -0,37% no acumulado do 3T22 versus +2,38% no 3T21 no IPCA), conforme apresentado mais acima."
"Implementação de infraestrutura","e", "Conforme explicado na seção 4.4, a partir da adoção do CPC 47 as eficiências geradas até então nos projetos em construção passam a ser contabilizadas como margem de implementação nessa linha da receita. Lembrando que os juros de remuneração do ativo também são adicionados à receita de implementação durante o período pré-operacional. A redução anual de 87,4% na receita de implementação se deve basicamente à entrada em operação de Janaúba e aos menores investimentos em Sant’Ana entre os períodos comparados. Estes efeitos foram compensados em parte pelos investimentos iniciais em Ananaí"
"Parcela variável (PV)","e","A redução de R$ 12,1 MM entre os trimestres refere-se basicamente a maiores provisões de eventos com parcela variável registradas no 3T21 nas concessões Novatrans e ETEO."
"Outras receitas operacionais","e", "A redução de 71,2% na comparação anual é explicada pela contabilização de R$ 19,6 MM nesta linha do resultado do 3T21 referente à receita de Janaúba, que entrou em operação nesta época, quando o ativo contratual ainda não havia sido iniciado."
"Deduções da receita bruta","e", "Houve uma redução de 47,1% na comparação entre o 3T22 e 3T21 principalmente em função do PIS/COFINS que segue a variação da receita bruta em IFRS (o tributo varia de acordo com cada concessão – vide seção 4.15), sendo compensado em parte pelo aumento dos encargos setoriais calculados com base na receita regulatória, principalmente em Janaúba. Para maiores detalhes vide seção 4.8."
"Impacto da Mudança Contábil (CPC 47)","e","A partir de 1º de janeiro de 2018, passou a ser obrigatória a adoção do IFRS 9 (CPC 48) ou do IFRS 15 (CPC 47), com divulgação dessa nova contabilização a partir das Demonstrações Financeiras Anuais de 2018. A Companhia optou por adotar o IFRS 15, cujos princípios se baseiam no modelo de negócio que identifica o contrato com o cliente (bens ou serviços) e suas respectivas obrigações contratuais de desempenho, definindo-se o preço de transação e reconhecimento da receita a partir da realização dessas obrigações (reconhecimento do Ativo de Contrato de Concessão). O Ativo de Contrato de Concessão é calculado mensalmente a partir do fluxo futuro dos recebimentos trazidos a valor presente pela Taxa do Projeto, que se refere ao custo de capital do ativo avaliado à época da sua aquisição. No método contábil adotado (CPC 47 - Ativo de Contrato de Concessão), as eficiências/ineficiências geradas no projeto em construção são contabilizadas como margem de implementação de infraestrutura. Isto é, a receita de implementação de infraestrutura constitui uma margem de implementação, calculada pela diferença entre o Valor Presente da RAP e Valor Futuro do Custo de Implementação no momento da entrada em operação (vide figura acima). Em outras palavras, a receita de implementação é calculada, ao longo do período pré-operacional, pelo custo de implementação mais a margem de implementação, que inclui também os juros de remuneração do ativo no período, calculada pela Taxa do Projeto sobre o saldo do ativo de contrato de concessão. Portanto, no Ativo de Contrato de Concessão a margem de implementação impacta a Demonstração de Resultados do projeto. A receita de remuneração é calculada com base na Taxa do Projeto sobre o saldo do ativo contratual e é contabilizada somente após a entrada em operação do projeto. Durante o período de construção, os juros de remuneração fazem parte da Receita de Implementação de Infraestrutura e o cálculo é o mesmo descrito acima. Após a entrada em operação, o Ativo de Contrato passa a ser corrigido mensalmente pela inflação (IGP-M ou IPCA, de acordo com cada concessão), calculado pela correção monetária dos recebimentos futuros trazidos a valor presente pela Taxa do Projeto. A receita de O&M é uma parcela da RAP destinada a remunerar a operação e a manutenção dos ativos da concessão. "
"Ciclo da RAP 2022-2023","e", "Em 14 de julho de 2022, a ANEEL publicou a Resolução Homologatória 3.067/2022 que estabeleceu as Receitas Anuais Permitidas (RAP) das concessões de transmissão para o ciclo 2022-2023, passando a valer a partir de 1.º de julho de 2022 até 30 de junho de 2023, afetando, portanto, o resultado da Taesa somente a partir do 3T22. As concessões ajustadas pelo IGP-M (Categoria II) sofreram um reajuste inflacionário de 10,72%, e as concessões ajustadas pelo IPCA (Categoria III) sofreram um reajuste inflacionário de 11,73%. Considerando as concessões controladas, investidas em conjunto e coligadas, a RAP total1 (operacional e em construção) da Taesa para o ciclo 2022-2023 é de R$ 3.834,5 MM, sendo 47,8% no nível da holding. A RAP operacional da Taesa para o ciclo 2022-2023 ficou em R$ 3.528,9 MM, contra R$ 2.981,7 MM para o ciclo 2021-2022, considerando a entrada em operação de ESTE em fevereiro, parcial de Sant’Ana em abril, Aimorés em maio, Paraguaçu em julho e de Ivaí em 2022, assim como a previsão de Sant’Ana no seu prazo regulatório (março de 2023). O reajuste da RAP para o ciclo 2022-2023 foi diferente da inflação em algumas concessões pelos seguintes motivos: (i) ATE II, ATE III, Lumitrans, Transirapé, Transudeste e STC sofreram impacto da queda de 50% da RAP, em razão da entrada no 16º ano de operação (para maiores detalhes, vide seção 4.3); (ii) TSN e PATESA apresentaram entrada em operação de reforços; (iii) Janaúba, Aimorés, Paraguaçu, EBTE, ETSE, ESTE e EDTE apresentaram efeito de revisão tarifária; e (iv) Brasnorte apresentou efeito de revisão tarifária em seus reforços. Os valores publicados de RAP das concessões ATE III, São Gotardo, Mariana, Miracema, Janaúba, Aimorés, Paraguaçu, Brasnorte, STC, EBTE, ESDE, ETSE, ESTE, Ivaí, EDTE, Sant’Ana, São João, São Pedro, Lagoa Nova, Ananaí e Pitiguari (nova denominação do Lote 10) foram adicionados de PIS/COFINS para ficarem alinhados às demais concessões da tabela."
"Estrutura Societária","e","As 41 concessões/participações de transmissão detidas pela Taesa estão segregadas em: (i) 10 concessões que compõem a empresa holding (TSN, Novatrans, ETEO, GTESA, PATESA, Munirah, NTE, STE, ATE e ATE II); (ii) 12 investidas integrais (ATE III, Brasnorte, São Gotardo, Mariana, Miracema, Janaúba, Sant’Ana, São João, São Pedro, Lagoa Nova, Ananaí e Pitiguari); e (iii) 19 participações (ETAU, AIE e TBE). A gestão operacional das concessões Transirapé, Transudeste e Transleste (em conjunto, “Transmineiras”) passou a ser realizada pelo grupo TBE. A partir do segundo trimestre de 2022, os resultados das Transmineiras serão incorporados ao resultado da TBE. Para fins de comparação, os respectivos trimestres do ano anterior também sofrerão este ajuste proforma. Há 4 empreendimentos (Sant’Ana, Ivaí, Ananaí e Pitiguari) que estão em fase não operacional. Em 27 de julho de 2022, o empreendimento de Paraguaçu obteve o termo de liberação pela ONS, o qual autoriza o recebimento de R$ 78,6 milhões de RAP para a Companhia de acordo com o ciclo RAP 2022-2023. Paraguaçu é um empreendimento referente ao lote 3, do leilão de transmissão nº 013/2015 (parte 2), realizado em outubro de 2016, em que a Taesa participa em sociedade, na proporção igualitária de 50%. A concessão possui uma RAP total de R$ 157,3 milhões para o ciclo 2022-2023 e está localizada nos estados de Minas Gerais e Bahia, com extensão de 338 km de linha com tensão de 500 kV, interligando a subestação Poções III à subestação Padre Paraíso 2. Em 30 de junho de 2022, a Taesa sagrou-se vencedora na disputa pelo lote 10 do Leilão de Transmissão ANEEL 01/2022, situado em Santa Catarina, com extensão de 92,7 km, sendo 66,7 km de circuito duplo e um investimento previsto de R$ 243,2 MM (Capex ANEEL). O novo empreendimento, chamado de Pitiguari Transmissora de Energia Elétrica S.A. (“Pitiguari”), terá um prazo regulatório de 54 meses para conclusão e acrescentará para a Companhia uma RAP de R$ 19,5 milhões a partir da sua entrada em operação. O empreendimento foi assumido formalmente pela Companhia em 30 de setembro de 2022, quando o contrato de concessão foi assinado. Em 6 de maio de 2022, o empreendimento de Aimorés entrou em operação comercial, passando a adicionar o valor de R$ 52,7 milhões de RAP para a Companhia de acordo com o ciclo RAP 2022-2023. Aimorés é um empreendimento referente ao lote 4, do leilão de transmissão nº 013/2015 (parte 2), realizado em outubro de 2016, em que a Taesa participa em sociedade, na proporção igualitária de 50%. A concessão possui uma RAP total de R$ 105,4 milhões para o ciclo 2022-2023 e está localizada no estado de Minas Gerais, com extensão de 208 km de linha com tensão de 500 kV, interligando a subestação Padre Paraíso 2 à subestação Governador Valadares 6. Em 1º de abril de 2022, o empreendimento de Sant’Ana obteve os termos de liberação para as linhas de transmissão LT Livramento 3 – Alegrete 2 (C1) e LT Livramento 3 – Cerro Chato (C1), ambas com tensão de 230 kV, e para parte da subestação SE 230 kV Livramento 3. Com isso, as instalações entraram em operação comercial com uma antecipação de quase 12 meses em relação ao prazo ANEEL, passando a adicionar para a Companhia uma RAP de mais de 23% da RAP total do empreendimento, retroativa a 28 de março de 2022. Sant’Ana é um empreendimento do lote 12, do leilão de transmissão nº 004/2018, realizado em dezembro de 2018, 100% controlada pela Taesa, e apresenta uma RAP total de R$ 77,8 milhões para o ciclo 2022-2023 e um Capex ANEEL de R$ 610 milhões. O empreendimento está localizado no Estado do Rio Grande do Sul, com extensão aproximadamente de 591 km de linhas de transmissão. Em 18 de fevereiro de 2022, o empreendimento de ESTE obteve o termo de liberação pela ONS, o qual autoriza o recebimento de receita a partir de 9 de fevereiro de 2022, passando a adicionar para a Taesa uma RAP de R$ 74,5 milhões (ciclo 2022-2023). ESTE é um empreendimento do lote 22, do leilão de transmissão nº 013/2015 (parte 2), realizado em outubro de 2016, 100% controlada pela subsidiária EATE, na qual a Taesa possui de 49,98% do capital social total. A ESTE possui uma RAP total de R$ 149,0 milhões para o ciclo 2022-2023 e está localizada entre os "
"Estrutura Societária","e","Estados de Minas Gerais e Espírito Santo, compreendendo a linha de transmissão LT 500 kV Mesquita - João Neiva 2, de cerca de 236 km de extensão, e a subestação SE 500/345 kV João Neiva 2. Em 17 de dezembro de 2021, a Taesa sagrou-se vencedora na disputa pelo lote 1, o maior lote do Leilão de Transmissão ANEEL 02/2021, situado entre os Estados de São Paulo e Paraná, com extensão de 363 km em circuito duplo e um investimento previsto de R$ 1,75 bilhão (Capex ANEEL). O novo empreendimento, chamado de Ananaí Transmissora de Energia Elétrica S.A. (“Ananaí”), terá um prazo regulatório de 60 meses para conclusão e acrescentará para a Companhia uma RAP de R$ 159,9 MM (ciclo 2022-2023) a partir da sua entrada em operação. O empreendimento foi assumido formalmente pela Companhia em 31 de março de 2022, quando o contrato de concessão foi assinado. Em 1º de setembro de 2021, o empreendimento da concessão Janaúba entrou em operação comercial, com 5,5 meses de antecipação ao prazo limite exigido pela ANEEL e uma eficiência no volume total de investimento em torno de 18% em relação ao Capex ANEEL, passando então a adicionar o valor de R$ 257,6 MM de RAP para a Taesa (ciclo 2022-2023). Janaúba é o maior projeto greenfield entregue pela Companhia até o momento, localizado entre os estados de Minas Gerais e Bahia com extensão de 545 km de linha, compreendendo as linhas de transmissão LT 500 kV Bom Jesus da Lapa II - Janaúba 3 (Circuito Simples) e LT 500 kV Janaúba 3 - Pirapora 2 (Circuito Simples) e três subestações de 500 kV (Bom Jesus da Lapa II, Janaúba 3 e Pirapora 2). Todos os valores de RAP mencionados acima estão adicionados de PIS/COFINS. Para maiores detalhes, vide seção 4.2."
